,Seed,Features (k),0 vs Rest,1 vs Rest,2 vs Rest,OvR Macro AUC,0 vs 1,0 vs 2,1 vs 2,OvO Macro AUC
0,0,10,0.6969312169312168,0.8009722222222222,0.4814814814814815,0.6597949735449734,0.8101587301587301,0.3644444444444444,0.54,0.5715343915343915
1,0,1000,0.7041269841269842,0.8219444444444445,0.49975308641975313,0.6752748383303939,0.846031746031746,0.528888888888889,0.7622222222222221,0.7123809523809523
